micke,#PPQ8JRUY,4,6.25
❤️NOAH<~>,#Q9L99UVC9,4,6.25
dayane,#2LP9GL80C,4,6.25
elias,#P28L0RVR,4,6.25
gio62,#LQPUJGV0,1,1.5625
aa,#QLQ8GQR82,4,6.25
doss,#QVG222JPY,0,0.0
DD4T,#U22YR02C8,4,6.25
alban 87,#8JYPCYLG9,4,6.25
ERIC,#RRP2LVR8,4,6.25
PachNolan,#U0P9CJVCL,4,6.25
Flic,#20VPGYG82,0,0.0
c'est bastien,#RU8CLUV,4,6.25
HoodZY,#PU2L0LPY,4,6.25
Steve Dechta,#92QLYL9U8,3,4.6875
Nabooris,#RCU900JYG,4,6.25
frazir,#L0QUUYVU,4,6.25
KIKI 2A,#28QQRYQUU,4,6.25
maahi,#LQV08GQL,4,6.25
Clément,#2CYY0RPV,4,6.25
KELY DU 68,#8GU8Q08LV,4,6.25
jess,#VUPVGCQ,4,6.25
Clic 40,#YGP8029U,4,6.25
Hardcorpse,#29RLC88GP,4,6.25
indomptable,#9CCQVC0G,4,6.25
Erinous,#UQR8P9JJ0,4,6.25
malo,#9PP0UQC,4,6.25
aure5662,#GGPJ0CJQ,4,6.25
⚡️tonio⚡️,#82UVPQ8G0,4,6.25
KarimCMonCopain,#GY0C22L,4,6.25
P’tit DouDou ❤️,#UR99YRUYY,4,6.25
jmarcos,#JVGLUYV2C,4,6.25
Thiva,#LU9PYGQGJ,4,6.25
Gasparcho,#V2VY2QCRP,4,6.25
BIG BOSS,#2LYUYJ8LJ,4,6.25
tamere,#Q9VY0YYC8,4,6.25
jerome,#8GVLRJQJ0,4,6.25
morpheus,#U98QJYQGL,4,6.25
Jihelair,#8UCLCC9Y8,4,6.25
xenow,#88CQJPGUP,4,6.25
alexia,#P80C8PULJ,4,6.25
goodpeuf,#LRC2902R,4,6.25
Rayan_dz,#UPCCVYRRY,4,6.25
TomDansLeMerry,#ULPJJPCRL,4,6.25
Thibz,#V28RGC28R,4,6.25
Big DouDou ❤️,#UUPRGQL9R,4,6.25
aaron94320,#LQQQY90LQ,1,1.5625
